metric,count,mean,std,min,25%,50%,75%,max
total_sentences,128.0,213.7890625,332.7924006444156,1.0,5.0,12.0,299.25,1597.0
equity_sentences,128.0,31.71875,62.576936897678706,0.0,0.0,5.0,27.5,349.0
equity_share_pct,128.0,23.263671875,26.18973095835491,0.0,0.0,14.595,40.0,100.0
